my_labels,X1,X2,full_name,party,party_table,color
386,-16.4349285728417,-10.3988141719907,Соболєв Сергій,Фракція політичної партії ВО Батьківщина,БАТЬКІВЩИНА,#e28671
735,-16.2785895980795,-11.5918393058703,Кужель Олександра,Фракція політичної партії ВО Батьківщина,БАТЬКІВЩИНА,#e28671
793,22.7545313417222,6.19542388331283,Іоффе Юлій,Позафракційні,Позафракційні,#aaa
833,22.3544398193076,0.783171888834119,Звягільський Юхим,Фракція Політичної партії Опозиційний блок,ОПОЗИЦІЙНИЙ БЛОК,#e88efd
862,8.25577835437038,6.72387547683032,Пинзеник Віктор,Фракція ПАРТІЇ БЛОК ПЕТРА ПОРОШЕНКА,БЛОК ПЕТРА ПОРОШЕНКА,#ca4c6e
1351,-16.246568557223,-10.9428841405627,Кириленко Іван,Фракція політичної партії ВО Батьківщина,БАТЬКІВЩИНА,#e28671
1792,-14.8179038717123,-8.74891875309358,Тимошенко Юлія,Фракція політичної партії ВО Батьківщина,БАТЬКІВЩИНА,#e28671
1897,3.97809590223791,5.55486299949048,Князевич Руслан,Фракція ПАРТІЇ БЛОК ПЕТРА ПОРОШЕНКА,БЛОК ПЕТРА ПОРОШЕНКА,#ca4c6e
2179,19.2691223115914,9.45973662852015,Ларін Сергій,Фракція Політичної партії Опозиційний блок,ОПОЗИЦІЙНИЙ БЛОК,#e88efd
2262,-9.50819400953155,-9.07812235361332,Матвієнко Анатолій,Фракція ПАРТІЇ БЛОК ПЕТРА ПОРОШЕНКА,БЛОК ПЕТРА ПОРОШЕНКА,#ca4c6e
2274,22.1434577258208,7.50031841233232,Шуфрич Нестор,Фракція Політичної партії Опозиційний блок,ОПОЗИЦІЙНИЙ БЛОК,#e88efd
2284,22.0716368423702,-1.73354279271875,Деркач Андрій,Група Воля народу,Група ВОЛЯ НАРОДУ,#4fe6fc
2301,22.8038758616495,-3.00995677338341,Жеваго Костянтин,Позафракційні,Позафракційні,#aaa
2308,-7.61996190724755,-13.9748210733749,Развадовський Віктор,Група Воля народу,Група ВОЛЯ НАРОДУ,#4fe6fc
2314,-6.35565338363941,2.02283967453738,Король Віктор,Фракція ПАРТІЇ БЛОК ПЕТРА ПОРОШЕНКА,БЛОК ПЕТРА ПОРОШЕНКА,#ca4c6e
2320,22.8638176557548,5.31217634283982,Ківалов Сергій,Позафракційні,Позафракційні,#aaa
2340,-8.75219595290373,-2.80709234410259,Чубаров Рефат,Позафракційні,Позафракційні,#aaa
2356,19.4760595712312,22.9805414155896,Матвієнков Сергій,Фракція Політичної партії Опозиційний блок,ОПОЗИЦІЙНИЙ БЛОК,#e88efd
2394,-8.52400366839339,-0.0507319043523201,Джемілєв Мустафа,Фракція ПАРТІЇ БЛОК ПЕТРА ПОРОШЕНКА,БЛОК ПЕТРА ПОРОШЕНКА,#ca4c6e
2524,-3.09237576722352,13.9334249010189,Абдуллін Олександр,Фракція політичної партії ВО Батьківщина,БАТЬКІВЩИНА,#e28671
3180,-13.0578883506253,0.615353323785676,Сироїд Оксана,Позафракційні,Позафракційні,#aaa
3471,15.0866427700196,-17.8474396147753,Біловол Олександр,Група Відродження,Група ВІДРОДЖЕННЯ,#118fe9
3849,-0.807783655507415,-10.7287024795409,Донець Тетяна,Фракція Політичної партії НАРОДНИЙ ФРОНТ,НАРОДНИЙ ФРОНТ,#fae41a
4339,10.9009673771068,-15.0722821638129,Яценко Антон,Група Відродження,Група ВІДРОДЖЕННЯ,#118fe9
4427,-5.08863256991493,-3.39459651103707,Бабенко Валерій,Фракція Політичної партії НАРОДНИЙ ФРОНТ,НАРОДНИЙ ФРОНТ,#fae41a
4761,-21.3017597018174,4.9210094743757,Ємець Леонід,Фракція Політичної партії НАРОДНИЙ ФРОНТ,НАРОДНИЙ ФРОНТ,#fae41a
5142,6.75115491346243,-5.17724805432757,Карпунцов Валерій,Позафракційні,Позафракційні,#aaa
5380,19.5453934525699,18.4475243767927,Павленко Юрій,Фракція Політичної партії Опозиційний блок,ОПОЗИЦІЙНИЙ БЛОК,#e88efd
5399,11.2203082154984,-14.8322778738637,Шкіря Ігор,Група Відродження,Група ВІДРОДЖЕННЯ,#118fe9
5414,-6.90036714567313,9.13024220552351,Гринів Ігор,Фракція ПАРТІЇ БЛОК ПЕТРА ПОРОШЕНКА,БЛОК ПЕТРА ПОРОШЕНКА,#ca4c6e
5415,-21.7580278856389,3.96768537762565,Томенко Микола,Позафракційні,Позафракційні,#aaa
5422,-9.46713557622098,-15.0330887574168,Поплавський Михайло,Група Воля народу,Група ВОЛЯ НАРОДУ,#4fe6fc
5423,12.4457207076923,-16.331541639696,Клімов Леонід,Група Відродження,Група ВІДРОДЖЕННЯ,#118fe9
5464,21.7118641360319,8.16011055951573,Папієв Михайло,Фракція Політичної партії Опозиційний блок,ОПОЗИЦІЙНИЙ БЛОК,#e88efd
5470,6.1948424724519,3.06929455828879,Литвин Володимир,Група Воля народу,Група ВОЛЯ НАРОДУ,#4fe6fc
5486,-15.1823502517657,-10.6349145363563,Тарасюк Борис,Фракція політичної партії ВО Батьківщина,БАТЬКІВЩИНА,#e28671
5500,23.7398912074974,-0.759339879220619,Матвійчук Едуард,Позафракційні,Позафракційні,#aaa
5503,7.1793555015699,-4.41663924031785,Білозір Оксана,Позафракційні,Позафракційні,#aaa
5504,-8.11662536576033,7.56993483038815,Третьяков Олександр,Фракція ПАРТІЇ БЛОК ПЕТРА ПОРОШЕНКА,БЛОК ПЕТРА ПОРОШЕНКА,#ca4c6e
5520,20.692046129336,10.9496941499488,Бахтеєва Тетяна,Фракція Політичної партії Опозиційний блок,ОПОЗИЦІЙНИЙ БЛОК,#e88efd
5541,12.6205860023083,-14.5398037367985,Святаш Дмитро,Група Відродження,Група ВІДРОДЖЕННЯ,#118fe9
5542,-2.34617561979275,13.6981107097636,Фельдман Олександр,Група Воля народу,Група ВОЛЯ НАРОДУ,#4fe6fc
5549,13.3366845223136,-16.7663034156018,Хомутиннік Віталій,Група Відродження,Група ВІДРОДЖЕННЯ,#118fe9
5566,10.3896177925888,2.1004754281843,Балога Віктор,Позафракційні,Позафракційні,#aaa
5578,19.394492964752,10.1128738419761,Добкін Михайло,Фракція Політичної партії Опозиційний блок,ОПОЗИЦІЙНИЙ БЛОК,#e88efd
5582,-1.99325266324408,-4.12347102439091,Сабашук Петро,Фракція ПАРТІЇ БЛОК ПЕТРА ПОРОШЕНКА,БЛОК ПЕТРА ПОРОШЕНКА,#ca4c6e
5584,-20.1045055658666,3.60597671615759,Атрошенко Владислав,Позафракційні,Позафракційні,#aaa
5606,-9.13874608906637,-15.5416649946142,Гіршфельд Анатолій,Група Воля народу,Група ВОЛЯ НАРОДУ,#4fe6fc
5785,14.5191771927642,-17.6551356488436,Шипко Андрій,Група Відродження,Група ВІДРОДЖЕННЯ,#118fe9
6073,-15.9464484471761,-10.81303598369,Крулько Іван,Фракція політичної партії ВО Батьківщина,БАТЬКІВЩИНА,#e28671
6130,-0.648109634162921,7.70122542769901,Дехтярчук Олександр,Фракція ПАРТІЇ БЛОК ПЕТРА ПОРОШЕНКА,БЛОК ПЕТРА ПОРОШЕНКА,#ca4c6e
6201,-9.73288255698766,-8.37336269918452,Довбенко Михайло,Фракція ПАРТІЇ БЛОК ПЕТРА ПОРОШЕНКА,БЛОК ПЕТРА ПОРОШЕНКА,#ca4c6e
6332,-6.90250536294407,0.00427730486361455,Лук'янчук Руслан,Фракція Політичної партії НАРОДНИЙ ФРОНТ,НАРОДНИЙ ФРОНТ,#fae41a
6548,20.0925701965777,21.5625521047445,Шурма Ігор,Фракція Політичної партії Опозиційний блок,ОПОЗИЦІЙНИЙ БЛОК,#e88efd
7175,-13.7561599997304,-8.94123975514421,Козаченко Леонід,Фракція ПАРТІЇ БЛОК ПЕТРА ПОРОШЕНКА,БЛОК ПЕТРА ПОРОШЕНКА,#ca4c6e
7371,15.4615775261908,-16.2642771151291,Кіссе Антон,Група Відродження,Група ВІДРОДЖЕННЯ,#118fe9
7718,22.4544432514066,1.24573512333728,Льовочкін Сергій,Позафракційні,Позафракційні,#aaa
7741,7.54959299882353,1.88787778508041,Чекіта Геннадій,Фракція ПАРТІЇ БЛОК ПЕТРА ПОРОШЕНКА,БЛОК ПЕТРА ПОРОШЕНКА,#ca4c6e
8125,-17.4398548261164,-5.66839104198881,Пинзеник Павло,Фракція Політичної партії НАРОДНИЙ ФРОНТ,НАРОДНИЙ ФРОНТ,#fae41a
8132,-14.9612161133604,13.9917665450322,Вовк Віктор,Фракція Радикальної партії Олега Ляшка,Радикальна партія ОЛЕГА ЛЯШКА,#f14633
8238,-15.4569427312948,1.78854886073115,Голуб Владислав,Позафракційні,Позафракційні,#aaa
8473,1.79128385720966,4.50917763326771,Шинькович Андрій,Фракція ПАРТІЇ БЛОК ПЕТРА ПОРОШЕНКА,БЛОК ПЕТРА ПОРОШЕНКА,#ca4c6e
8693,19.3770091818754,10.4875179527768,Королевська Наталія,Фракція Політичної партії Опозиційний блок,ОПОЗИЦІЙНИЙ БЛОК,#e88efd
8696,-1.76526983575248,0.0644764986408344,Пашинський Сергій,Фракція Політичної партії НАРОДНИЙ ФРОНТ,НАРОДНИЙ ФРОНТ,#fae41a
8715,22.3728857506776,-3.92040591750436,Чепинога Віталій,Фракція ПАРТІЇ БЛОК ПЕТРА ПОРОШЕНКА,БЛОК ПЕТРА ПОРОШЕНКА,#ca4c6e
8723,19.8685904666215,19.7866252753682,Білий Олексій,Фракція Політичної партії Опозиційний блок,ОПОЗИЦІЙНИЙ БЛОК,#e88efd
8725,22.7651355063765,-1.36006808923418,Богуслаєв Вячеслав,Група Воля народу,Група ВОЛЯ НАРОДУ,#4fe6fc
8737,20.2530010166035,11.0803457587928,Вілкул Олександр,Фракція Політичної партії Опозиційний блок,ОПОЗИЦІЙНИЙ БЛОК,#e88efd
8741,19.6389079365038,23.1279750833542,Воропаєв Юрій,Фракція Політичної партії Опозиційний блок,ОПОЗИЦІЙНИЙ БЛОК,#e88efd
8746,12.7815395914108,-16.4026550230979,Гєллєр Євгеній,Група Відродження,Група ВІДРОДЖЕННЯ,#118fe9
8757,1.56811594530665,0.106009005148533,Денісова Людмила,Фракція Політичної партії НАРОДНИЙ ФРОНТ,НАРОДНИЙ ФРОНТ,#fae41a
8771,11.2710482346626,-15.0013482239679,Зубик Володимир,Група Відродження,Група ВІДРОДЖЕННЯ,#118fe9
8781,22.5857704034381,-3.61613446560958,Клюєв Сергій,Позафракційні,Позафракційні,#aaa
8786,-16.6328646995032,-8.30877215478368,Кожем'якін Андрій,Фракція політичної партії ВО Батьківщина,БАТЬКІВЩИНА,#e28671
8803,-1.75132553907225,7.64511792131573,Курило Віталій,Фракція ПАРТІЇ БЛОК ПЕТРА ПОРОШЕНКА,БЛОК ПЕТРА ПОРОШЕНКА,#ca4c6e
8815,-9.82238518865336,-7.9325708495672,Лопушанський Андрій,Фракція ПАРТІЇ БЛОК ПЕТРА ПОРОШЕНКА,БЛОК ПЕТРА ПОРОШЕНКА,#ca4c6e
8818,-14.8022548873072,14.4021989169781,Ляшко Олег,Фракція Радикальної партії Олега Ляшка,Радикальна партія ОЛЕГА ЛЯШКА,#f14633
8826,20.3524742922142,17.7116325439031,Мірошниченко Юрій,Фракція Політичної партії Опозиційний блок,ОПОЗИЦІЙНИЙ БЛОК,#e88efd
8827,-2.33709262249525,9.00133704661129,Міщенко Сергій,Позафракційні,Позафракційні,#aaa
8830,-15.0085585733822,-9.025716523181,Немиря Григорій,Фракція політичної партії ВО Батьківщина,БАТЬКІВЩИНА,#e28671
8832,17.8313130695209,-0.0547114379032961,Одарченко Юрій,Позафракційні,Позафракційні,#aaa
8838,13.1645891040434,-13.1497026688854,Писаренко Валерій,Група Відродження,Група ВІДРОДЖЕННЯ,#118fe9
8885,20.4475291624702,10.8669128645247,Шенцев Дмитро,Позафракційні,Позафракційні,#aaa
9123,-14.3259480576394,6.95277634909531,Рибак Іван,Фракція ПАРТІЇ БЛОК ПЕТРА ПОРОШЕНКА,БЛОК ПЕТРА ПОРОШЕНКА,#ca4c6e
9540,2.06566125935704,1.28630374790887,Унгурян Павло,Фракція Політичної партії НАРОДНИЙ ФРОНТ,НАРОДНИЙ ФРОНТ,#fae41a
9684,2.98312551926836,0.245731579303902,Фріз Ірина,Фракція ПАРТІЇ БЛОК ПЕТРА ПОРОШЕНКА,БЛОК ПЕТРА ПОРОШЕНКА,#ca4c6e
9776,12.557290028854,-17.2575845120599,Барвіненко Віталій,Група Відродження,Група ВІДРОДЖЕННЯ,#118fe9
10096,2.21037244565113,-9.90323763440282,Романюк Роман,Фракція ПАРТІЇ БЛОК ПЕТРА ПОРОШЕНКА,БЛОК ПЕТРА ПОРОШЕНКА,#ca4c6e
10204,-15.1673148821456,14.5081259985811,Ленський Олексій,Фракція Радикальної партії Олега Ляшка,Радикальна партія ОЛЕГА ЛЯШКА,#f14633
11094,22.7239900856464,6.83890026874063,Бойко Юрій,Позафракційні,Позафракційні,#aaa
11096,20.3935884171096,20.5300721247332,Шпенов Дмитро,Фракція Політичної партії Опозиційний блок,ОПОЗИЦІЙНИЙ БЛОК,#e88efd
11097,-0.788126770338152,-9.97641021438588,Супруненко Олександр,Група Воля народу,Група ВОЛЯ НАРОДУ,#4fe6fc
11098,19.7351196300765,18.6905449214138,Колєсніков Дмитро,Фракція Політичної партії Опозиційний блок,ОПОЗИЦІЙНИЙ БЛОК,#e88efd
11102,19.5327730349696,23.2592304581316,Мороко Юрій,Фракція Політичної партії Опозиційний блок,ОПОЗИЦІЙНИЙ БЛОК,#e88efd
11106,23.0479914459312,6.5455662931457,Мирний Іван,Фракція Політичної партії Опозиційний блок,ОПОЗИЦІЙНИЙ БЛОК,#e88efd
11109,18.2480570641793,8.27659387997697,Льовочкіна Юлія,Фракція Політичної партії Опозиційний блок,ОПОЗИЦІЙНИЙ БЛОК,#e88efd
11118,-11.1419498068013,10.0406152211253,Ар'єв Володимир,Фракція ПАРТІЇ БЛОК ПЕТРА ПОРОШЕНКА,БЛОК ПЕТРА ПОРОШЕНКА,#ca4c6e
11121,-7.80497874516722,-9.18121618194163,Геращенко Ірина,Позафракційні,Позафракційні,#aaa
11131,9.86546695279504,0.60468761313703,Петьовка Василь,Група Воля народу,Група ВОЛЯ НАРОДУ,#4fe6fc
11166,-15.2962201272922,-9.77880317460053,Кондратюк Олена,Фракція політичної партії ВО Батьківщина,БАТЬКІВЩИНА,#e28671
11173,18.0375010850423,-0.187750996977892,Богдан Руслан,Позафракційні,Позафракційні,#aaa
11342,3.63219832501943,-0.309160791931877,Матузко Олена,Фракція ПАРТІЇ БЛОК ПЕТРА ПОРОШЕНКА,БЛОК ПЕТРА ПОРОШЕНКА,#ca4c6e
11584,-1.68394505948598,5.11640034050388,Парубій Андрій,Позафракційні,Позафракційні,#aaa
11596,-7.51028001874895,1.12495589692315,Войцеховська Світлана,Фракція Політичної партії НАРОДНИЙ ФРОНТ,НАРОДНИЙ ФРОНТ,#fae41a
11620,-17.2398371463654,-6.88100358656787,Присяжнюк Олександр,Фракція Політичної партії НАРОДНИЙ ФРОНТ,НАРОДНИЙ ФРОНТ,#fae41a
11694,-2.91782038879616,-0.648341227218112,Левус Андрій,Фракція Політичної партії НАРОДНИЙ ФРОНТ,НАРОДНИЙ ФРОНТ,#fae41a
11728,-15.934214264913,-11.0694465606838,Євтушок Сергій,Фракція політичної партії ВО Батьківщина,БАТЬКІВЩИНА,#e28671
11999,4.6780134831386,-10.9989116164825,Суслова Ірина,Позафракційні,Позафракційні,#aaa
12003,-4.14430232251347,6.62747005157482,Медуниця Олег,Фракція Політичної партії НАРОДНИЙ ФРОНТ,НАРОДНИЙ ФРОНТ,#fae41a
12265,-16.1689937166805,-9.829979179058,Власенко Сергій,Фракція політичної партії ВО Батьківщина,БАТЬКІВЩИНА,#e28671
12270,-5.30087568761126,-2.61447188445425,Сочка Олександр,Фракція Політичної партії НАРОДНИЙ ФРОНТ,НАРОДНИЙ ФРОНТ,#fae41a
12272,17.7245155782646,-0.160790227844241,Дубіль Валерій,Позафракційні,Позафракційні,#aaa
12290,-16.0808463377681,13.6885390139432,Амельченко Василь,Фракція Радикальної партії Олега Ляшка,Радикальна партія ОЛЕГА ЛЯШКА,#f14633
12455,-15.5004556542434,13.7327354853116,Кириченко Олексій,Фракція Радикальної партії Олега Ляшка,Радикальна партія ОЛЕГА ЛЯШКА,#f14633
13379,8.10939510095581,6.59301038787768,Новак Наталія,Фракція ПАРТІЇ БЛОК ПЕТРА ПОРОШЕНКА,БЛОК ПЕТРА ПОРОШЕНКА,#ca4c6e
13562,22.6974995528114,3.06667496790279,Омельянович Денис,Фракція Політичної партії Опозиційний блок,ОПОЗИЦІЙНИЙ БЛОК,#e88efd
13646,-11.9015632421506,2.54229914207784,Курячий Максим,Фракція ПАРТІЇ БЛОК ПЕТРА ПОРОШЕНКА,БЛОК ПЕТРА ПОРОШЕНКА,#ca4c6e
13694,20.3780369567677,19.3008825445292,Кісельов Андрій,Фракція Політичної партії Опозиційний блок,ОПОЗИЦІЙНИЙ БЛОК,#e88efd
14393,13.0150146749242,-16.1052955212947,Березкін Станіслав,Група Воля народу,Група ВОЛЯ НАРОДУ,#4fe6fc
14674,-2.6953145822277502,6.04970214286416,Гузь Ігор,Фракція Політичної партії НАРОДНИЙ ФРОНТ,НАРОДНИЙ ФРОНТ,#fae41a
15257,-16.8037477777797,-7.98683351435838,Бухарєв Владислав,Фракція політичної партії ВО Батьківщина,БАТЬКІВЩИНА,#e28671
15309,-3.26590532474991,-2.2086375053212,Кодола Олександр,Фракція Політичної партії НАРОДНИЙ ФРОНТ,НАРОДНИЙ ФРОНТ,#fae41a
15644,19.7452485749477,22.5038409904281,Долженков Олександр,Фракція Політичної партії Опозиційний блок,ОПОЗИЦІЙНИЙ БЛОК,#e88efd
15645,-7.35942289258674,3.00483804878269,Княжицький Микола,Фракція Політичної партії НАРОДНИЙ ФРОНТ,НАРОДНИЙ ФРОНТ,#fae41a
15647,-6.89652426483199,10.0371933667648,Луценко Ірина,Позафракційні,Позафракційні,#aaa
15651,0.773675930376066,6.73975703615861,Павелко Андрій,Фракція ПАРТІЇ БЛОК ПЕТРА ПОРОШЕНКА,БЛОК ПЕТРА ПОРОШЕНКА,#ca4c6e
15652,-1.40099028474658,-10.6592538180591,Дзензерський Денис,Фракція Політичної партії НАРОДНИЙ ФРОНТ,НАРОДНИЙ ФРОНТ,#fae41a
15653,1.91820223197224,0.930088415855999,Фаєрмарк Сергій,Фракція Політичної партії НАРОДНИЙ ФРОНТ,НАРОДНИЙ ФРОНТ,#fae41a
15654,-2.20452252235542,-1.97681200680085,Іванчук Андрій,Фракція Політичної партії НАРОДНИЙ ФРОНТ,НАРОДНИЙ ФРОНТ,#fae41a
15655,-5.86530215897884,-0.466239554388157,Бурбак Максим,Фракція Політичної партії НАРОДНИЙ ФРОНТ,НАРОДНИЙ ФРОНТ,#fae41a
15658,-4.88482329237343,1.23464230586076,Шкварилюк Володимир,Фракція Політичної партії НАРОДНИЙ ФРОНТ,НАРОДНИЙ ФРОНТ,#fae41a
15662,-4.85673648660144,-7.82119065995349,Лунченко Валерій,Фракція Політичної партії НАРОДНИЙ ФРОНТ,НАРОДНИЙ ФРОНТ,#fae41a
15665,11.977589999308,-15.6159787522348,Матіос Марія,Фракція ПАРТІЇ БЛОК ПЕТРА ПОРОШЕНКА,БЛОК ПЕТРА ПОРОШЕНКА,#ca4c6e
15667,-16.4618656960197,-4.95843143861804,Продан Оксана,Фракція ПАРТІЇ БЛОК ПЕТРА ПОРОШЕНКА,БЛОК ПЕТРА ПОРОШЕНКА,#ca4c6e
15669,-5.25613161118432,-9.03389984610336,Ковальчук Наталія,Фракція ПАРТІЇ БЛОК ПЕТРА ПОРОШЕНКА,БЛОК ПЕТРА ПОРОШЕНКА,#ca4c6e
15670,6.18117922825539,-6.67957720073695,Палатний Артур,Фракція ПАРТІЇ БЛОК ПЕТРА ПОРОШЕНКА,БЛОК ПЕТРА ПОРОШЕНКА,#ca4c6e
15671,5.71632097102064,-7.2733228795359,Паламарчук Микола,Фракція ПАРТІЇ БЛОК ПЕТРА ПОРОШЕНКА,БЛОК ПЕТРА ПОРОШЕНКА,#ca4c6e
15672,-6.69387014043619,9.82009543888639,Іонова Марія,Фракція ПАРТІЇ БЛОК ПЕТРА ПОРОШЕНКА,БЛОК ПЕТРА ПОРОШЕНКА,#ca4c6e
15674,1.36186756888277,-0.745244274689562,Пацкан Валерій,Фракція ПАРТІЇ БЛОК ПЕТРА ПОРОШЕНКА,БЛОК ПЕТРА ПОРОШЕНКА,#ca4c6e
15676,4.18041909372518,-9.92515183311129,Ткачук Геннадій,Фракція ПАРТІЇ БЛОК ПЕТРА ПОРОШЕНКА,БЛОК ПЕТРА ПОРОШЕНКА,#ca4c6e
15680,4.19748544045221,-9.32749834665688,Побер Ігор,Фракція ПАРТІЇ БЛОК ПЕТРА ПОРОШЕНКА,БЛОК ПЕТРА ПОРОШЕНКА,#ca4c6e
15681,-0.00293721813311779,-10.4611705423728,Савчук Юрій,Фракція Політичної партії НАРОДНИЙ ФРОНТ,НАРОДНИЙ ФРОНТ,#fae41a
15684,-11.3753635601358,2.88631269889036,Бєлькова Ольга,Фракція ПАРТІЇ БЛОК ПЕТРА ПОРОШЕНКА,БЛОК ПЕТРА ПОРОШЕНКА,#ca4c6e
15685,6.06109194272725,-7.0995581573564,Іщенко Валерій,Фракція ПАРТІЇ БЛОК ПЕТРА ПОРОШЕНКА,БЛОК ПЕТРА ПОРОШЕНКА,#ca4c6e
15725,22.1408635329797,6.27312805152657,Нечаєв Олександр,Фракція Політичної партії Опозиційний блок,ОПОЗИЦІЙНИЙ БЛОК,#e88efd
15727,-0.31766660858503,8.29327200302527,Домбровський Олександр,Фракція ПАРТІЇ БЛОК ПЕТРА ПОРОШЕНКА,БЛОК ПЕТРА ПОРОШЕНКА,#ca4c6e
15730,0.216736214891618,7.77786148585017,Заболотний Григорій,Фракція ПАРТІЇ БЛОК ПЕТРА ПОРОШЕНКА,БЛОК ПЕТРА ПОРОШЕНКА,#ca4c6e
15732,-8.50996847845477,-15.037084199605,Мартиняк Сергій,Група Воля народу,Група ВОЛЯ НАРОДУ,#4fe6fc
15733,-8.82338322598872,-15.3240413644379,Івахів Степан,Група Воля народу,Група ВОЛЯ НАРОДУ,#4fe6fc
15734,11.3136797384621,2.29000468873788,Безбах Яків,Позафракційні,Позафракційні,#aaa
15741,19.5847735880144,19.0800698075217,Павлов Костянтин,Фракція Політичної партії Опозиційний блок,ОПОЗИЦІЙНИЙ БЛОК,#e88efd
15744,20.2665271775254,21.402398209485,Мартовицький Артур,Фракція Політичної партії Опозиційний блок,ОПОЗИЦІЙНИЙ БЛОК,#e88efd
15756,11.7003133203349,-16.2818962368469,Ланьо Михайло,Група Воля народу,Група ВОЛЯ НАРОДУ,#4fe6fc
15757,9.36742955842054,1.85852677052468,Балога Павло,Позафракційні,Позафракційні,#aaa
15760,-9.40969803459758,-13.687010693529,Пономарьов Олександр,Група Воля народу,Група ВОЛЯ НАРОДУ,#4fe6fc
15761,-10.1151587733438,-13.3467163075374,Бандуров Володимир,Група Воля народу,Група ВОЛЯ НАРОДУ,#4fe6fc
15762,20.6045356532295,11.288545226139,Балицький Євген,Група Економічний розвиток,Група Економічний розвиток,#008000
15767,-4.53609312953665,0.737655768543081,Дирів Анатолій,Фракція Політичної партії НАРОДНИЙ ФРОНТ,НАРОДНИЙ ФРОНТ,#fae41a
15768,-2.04048023668588,-5.24606705508774,Дерев'янко Юрій,Позафракційні,Позафракційні,#aaa
15769,5.67514166027197,2.36681049827232,Сольвар Руслан,Фракція ПАРТІЇ БЛОК ПЕТРА ПОРОШЕНКА,БЛОК ПЕТРА ПОРОШЕНКА,#ca4c6e
15771,22.7500548878274,-1.75088159286939,Онищенко Олександр,Група Воля народу,Група ВОЛЯ НАРОДУ,#4fe6fc
15773,-8.75842583609152,-15.5815862928258,Москаленко Ярослав,Група Воля народу,Група ВОЛЯ НАРОДУ,#4fe6fc
15774,-12.7549345782749,-6.44613067003673,Різаненко Павло,Фракція ПАРТІЇ БЛОК ПЕТРА ПОРОШЕНКА,БЛОК ПЕТРА ПОРОШЕНКА,#ca4c6e
15780,22.2822130936052,6.75906204791487,Дунаєв Сергій,Фракція Політичної партії Опозиційний блок,ОПОЗИЦІЙНИЙ БЛОК,#e88efd
15785,-7.31615959754073,4.4343152659613,Хміль Михайло,Фракція Політичної партії НАРОДНИЙ ФРОНТ,НАРОДНИЙ ФРОНТ,#fae41a
15787,-2.33431694818461,5.15329167682351,Васюник Ігор,Фракція Політичної партії НАРОДНИЙ ФРОНТ,НАРОДНИЙ ФРОНТ,#fae41a
15790,6.72707317411198,-9.26872537094102,Дубневич Ярослав,Фракція ПАРТІЇ БЛОК ПЕТРА ПОРОШЕНКА,БЛОК ПЕТРА ПОРОШЕНКА,#ca4c6e
15794,15.0947147486848,-16.5155144949958,Ільюк Артем,Група Відродження,Група ВІДРОДЖЕННЯ,#118fe9
15796,-4.50109309875028,-5.40564692354575,Бриченко Ігор,Фракція Політичної партії НАРОДНИЙ ФРОНТ,НАРОДНИЙ ФРОНТ,#fae41a
15799,-8.40880286919768,-15.7451778731365,Фурсін Іван,Група Воля народу,Група ВОЛЯ НАРОДУ,#4fe6fc
15800,12.5781640952484,-16.9527957875183,Пресман Олександр,Група Відродження,Група ВІДРОДЖЕННЯ,#118fe9
15801,-5.08465231072746,9.2452963589802,Каплін Сергій,Фракція ПАРТІЇ БЛОК ПЕТРА ПОРОШЕНКА,БЛОК ПЕТРА ПОРОШЕНКА,#ca4c6e
15802,23.9312451156664,-31.4050137662483,Бублик Юрій,Позафракційні,Позафракційні,#aaa
15803,-7.15388063711584,-13.5331838011121,Шаповалов Юрій,Група Воля народу,Група ВОЛЯ НАРОДУ,#4fe6fc
15804,14.6100079543275,-17.8277732930591,Кулініч Олег,Група Відродження,Група ВІДРОДЖЕННЯ,#118fe9
15805,-24.0518651509531,2.46720826439736,Кутовий Тарас,Фракція ПАРТІЇ БЛОК ПЕТРА ПОРОШЕНКА,БЛОК ПЕТРА ПОРОШЕНКА,#ca4c6e
15806,23.6034240025359,-31.0736196029719,Осуховський Олег,Позафракційні,Позафракційні,#aaa
15807,-11.4745714911707,5.62620172744587,Вознюк Юрій,Фракція Політичної партії НАРОДНИЙ ФРОНТ,НАРОДНИЙ ФРОНТ,#fae41a
15810,-10.7438890952387,-13.1348930333995,Молоток Ігор,Група Воля народу,Група ВОЛЯ НАРОДУ,#4fe6fc
15813,23.2810869371016,-30.7311168555183,Головко Михайло,Позафракційні,Позафракційні,#aaa
15814,-2.49516361473509,14.0073344912563,Мисик Володимир,Група Партія Відродження,NA,NA
15815,-2.62094677792822,14.0614807639887,Денисенко Анатолій,Позафракційні,Позафракційні,#aaa
15816,12.3899596221129,-14.7102912045842,Кацуба Володимир,Група Воля народу,Група ВОЛЯ НАРОДУ,#4fe6fc
15817,15.3927354775017,-17.5588155251003,Остапчук Віктор,Група Відродження,Група ВІДРОДЖЕННЯ,#118fe9
15818,19.5906537569699,9.79163743422162,Добкін Дмитро,Фракція Політичної партії Опозиційний блок,ОПОЗИЦІЙНИЙ БЛОК,#e88efd
15819,23.204672645755,-0.0240575175268383,Мураєв Євгеній,Позафракційні,Позафракційні,#aaa
15823,6.60709406854957,-2.55921984891746,Негой Федір,Позафракційні,Позафракційні,#aaa
15824,-9.15595040042072,-15.5694246187703,Лабазюк Сергій,Група Воля народу,Група ВОЛЯ НАРОДУ,#4fe6fc
15826,13.0613611376128,-17.4516523219204,Бондар Віктор,Група Воля народу,Група ВОЛЯ НАРОДУ,#4fe6fc
15827,1.84082238464463,4.74109326494062,Герега Олександр,Позафракційні,Позафракційні,#aaa
15828,1.00503067926623,4.99222850839589,Мельниченко Володимир,Фракція ПАРТІЇ БЛОК ПЕТРА ПОРОШЕНКА,БЛОК ПЕТРА ПОРОШЕНКА,#ca4c6e
15829,11.0827771395441,-15.2383822992699,Бобов Геннадій,Група Відродження,Група ВІДРОДЖЕННЯ,#118fe9
15830,10.2508908638506,-14.4181249548714,Ничипоренко Валентин,Група Відродження,Група ВІДРОДЖЕННЯ,#118fe9
15831,-6.12718590693755,0.0403993216421692,Федорук Микола,Фракція Політичної партії НАРОДНИЙ ФРОНТ,НАРОДНИЙ ФРОНТ,#fae41a
15836,8.36559555048586,6.26971556029805,Чумак Віктор,Позафракційні,Позафракційні,#aaa
15837,23.6265064910899,-31.1001303282336,Іллєнко Андрій,Позафракційні,Позафракційні,#aaa
15838,6.50760854390745,-4.04497267971325,Бригинець Олександр,Фракція ПАРТІЇ БЛОК ПЕТРА ПОРОШЕНКА,БЛОК ПЕТРА ПОРОШЕНКА,#ca4c6e
15839,-6.86992696328588,8.00762372160489,Андрієвський Дмитро,Фракція ПАРТІЇ БЛОК ПЕТРА ПОРОШЕНКА,БЛОК ПЕТРА ПОРОШЕНКА,#ca4c6e
15840,-7.30221225393354,7.54813934726885,Куніцин Сергій,Фракція ПАРТІЇ БЛОК ПЕТРА ПОРОШЕНКА,БЛОК ПЕТРА ПОРОШЕНКА,#ca4c6e
15901,-4.77021833898514,7.58128127311128,Кривошея Геннадій,Фракція Політичної партії НАРОДНИЙ ФРОНТ,НАРОДНИЙ ФРОНТ,#fae41a
15916,18.0865704545581,8.31471858851959,Лозовой Андрій,Фракція Радикальної партії Олега Ляшка,Радикальна партія ОЛЕГА ЛЯШКА,#f14633
15953,-23.528046494886,3.15566162686622,Гордєєв Андрій,Фракція ПАРТІЇ БЛОК ПЕТРА ПОРОШЕНКА,БЛОК ПЕТРА ПОРОШЕНКА,#ca4c6e
15972,3.47224057301907,-9.63286067594949,Макар'ян Давид,Фракція ПАРТІЇ БЛОК ПЕТРА ПОРОШЕНКА,БЛОК ПЕТРА ПОРОШЕНКА,#ca4c6e
16067,-6.9451024419153,0.446132025060185,Алексєєв Ігор,Фракція Політичної партії НАРОДНИЙ ФРОНТ,НАРОДНИЙ ФРОНТ,#fae41a
16340,5.83819984705009,-4.7591357262805,Білоцерковець Дмитро,Фракція ПАРТІЇ БЛОК ПЕТРА ПОРОШЕНКА,БЛОК ПЕТРА ПОРОШЕНКА,#ca4c6e
16430,13.2317896259957,-12.859167855422,Рудик Сергій,Позафракційні,Позафракційні,#aaa
16517,-0.403477709936728,-6.53134295343262,Мусій Олег,Позафракційні,Позафракційні,#aaa
16532,-0.671158049455285,-2.3823676694666,Шкрум Альона,Фракція політичної партії ВО Батьківщина,БАТЬКІВЩИНА,#e28671
16618,-4.33911340064013,3.31620528477719,Кадикало Микола,Фракція Політичної партії НАРОДНИЙ ФРОНТ,НАРОДНИЙ ФРОНТ,#fae41a
16672,23.7727903115677,-31.2447016810766,Левченко Юрій,Позафракційні,Позафракційні,#aaa
16698,-4.08631824671635,2.62505097519739,Бойко Олена,Фракція Політичної партії НАРОДНИЙ ФРОНТ,НАРОДНИЙ ФРОНТ,#fae41a
16716,2.27830625468008,0.524393448432273,Єфремова Ірина,Фракція Політичної партії НАРОДНИЙ ФРОНТ,НАРОДНИЙ ФРОНТ,#fae41a
17047,-22.2069372566844,3.6688851538877,Фірсов Єгор,Позафракційні,Позафракційні,#aaa
17108,20.1358455625644,10.3612755834062,Новинський Вадим,Фракція Політичної партії Опозиційний блок,ОПОЗИЦІЙНИЙ БЛОК,#e88efd
17379,-23.5817660026019,2.03500224129171,Сторожук Дмитро,Фракція Політичної партії НАРОДНИЙ ФРОНТ,НАРОДНИЙ ФРОНТ,#fae41a
17413,0.787901079994143,3.2097965495689,Ледовських Олена,Фракція Політичної партії НАРОДНИЙ ФРОНТ,НАРОДНИЙ ФРОНТ,#fae41a
17414,-10.8332519417921,0.126842748138524,Колганова Олена,Фракція Політичної партії НАРОДНИЙ ФРОНТ,НАРОДНИЙ ФРОНТ,#fae41a
17568,2.46047894251423,8.69419158318479,Березенко Сергій,Позафракційні,Позафракційні,#aaa
17650,16.0268600532084,-0.635478694728867,Шевченко Олександр,Позафракційні,Позафракційні,#aaa
17946,-1.41917862879552,0.313493985543508,Чорновол Тетяна,Фракція Політичної партії НАРОДНИЙ ФРОНТ,НАРОДНИЙ ФРОНТ,#fae41a
17947,-2.43861226077868,4.65227095772404,Тетерук Андрій,Фракція Політичної партії НАРОДНИЙ ФРОНТ,НАРОДНИЙ ФРОНТ,#fae41a
17948,-4.23338748223089,-5.63286650695563,Сюмар Вікторія,Фракція Політичної партії НАРОДНИЙ ФРОНТ,НАРОДНИЙ ФРОНТ,#fae41a
17949,-3.76239322472958,2.03348040025835,Береза Юрій,Фракція Політичної партії НАРОДНИЙ ФРОНТ,НАРОДНИЙ ФРОНТ,#fae41a
17950,-1.86689973922342,-0.625910826538392,Тимчук Дмитро,Фракція Політичної партії НАРОДНИЙ ФРОНТ,НАРОДНИЙ ФРОНТ,#fae41a
17952,-5.84722218133181,6.2216309277862,Геращенко Антон,Фракція Політичної партії НАРОДНИЙ ФРОНТ,НАРОДНИЙ ФРОНТ,#fae41a
17953,0.744701248815905,-1.76889836931881,Матейченко Костянтин,Фракція Політичної партії НАРОДНИЙ ФРОНТ,НАРОДНИЙ ФРОНТ,#fae41a
17954,-7.81960689259966,2.62417636336531,Сидорчук Вадим,Фракція Політичної партії НАРОДНИЙ ФРОНТ,НАРОДНИЙ ФРОНТ,#fae41a
17955,-11.6093453941593,5.51038924202089,Заставний Роман,Фракція Політичної партії НАРОДНИЙ ФРОНТ,НАРОДНИЙ ФРОНТ,#fae41a
17956,-1.79997138348512,-10.0129464883629,Дейдей Євген,Фракція Політичної партії НАРОДНИЙ ФРОНТ,НАРОДНИЙ ФРОНТ,#fae41a
17957,-4.25522442400897,4.0211101219942,Ксенжук Олександр,Фракція Політичної партії НАРОДНИЙ ФРОНТ,НАРОДНИЙ ФРОНТ,#fae41a
17958,-7.19262393547051,4.33894162381105,Логвинський Георгій,Фракція Політичної партії НАРОДНИЙ ФРОНТ,НАРОДНИЙ ФРОНТ,#fae41a
17959,-2.76730574405813,4.81039628153139,Єленський Віктор,Фракція Політичної партії НАРОДНИЙ ФРОНТ,НАРОДНИЙ ФРОНТ,#fae41a
17960,1.18472327631516,8.21080224235162,Поляков Максим,Фракція Політичної партії НАРОДНИЙ ФРОНТ,НАРОДНИЙ ФРОНТ,#fae41a
17961,-2.72342808052799,5.10467049298669,Величкович Микола,Фракція Політичної партії НАРОДНИЙ ФРОНТ,НАРОДНИЙ ФРОНТ,#fae41a
17962,-9.3396008909616,2.87083381817955,Горбунов Олександр,Фракція Політичної партії НАРОДНИЙ ФРОНТ,НАРОДНИЙ ФРОНТ,#fae41a
17963,-3.09303800227096,-0.558044243035946,Висоцький Сергій,Фракція Політичної партії НАРОДНИЙ ФРОНТ,НАРОДНИЙ ФРОНТ,#fae41a
17964,-22.4980786269443,2.09931229978486,Ванат Петро,Фракція Політичної партії НАРОДНИЙ ФРОНТ,НАРОДНИЙ ФРОНТ,#fae41a
17965,5.20017803669832,5.38417052910281,Котвіцький Ігор,Фракція Політичної партії НАРОДНИЙ ФРОНТ,НАРОДНИЙ ФРОНТ,#fae41a
17966,-2.36619748794651,1.02101857385957,Масоріна Олена,Фракція Політичної партії НАРОДНИЙ ФРОНТ,НАРОДНИЙ ФРОНТ,#fae41a
17967,-2.78587091502782,-3.71894699518372,Кацер-Бучковська Наталія,Фракція Політичної партії НАРОДНИЙ ФРОНТ,НАРОДНИЙ ФРОНТ,#fae41a
17968,-18.1202187057059,1.06473947982701,Соляр Володимир,Фракція Політичної партії НАРОДНИЙ ФРОНТ,НАРОДНИЙ ФРОНТ,#fae41a
17969,-4.2462149232465896,-4.82035833800853,Кремінь Тарас,Фракція Політичної партії НАРОДНИЙ ФРОНТ,НАРОДНИЙ ФРОНТ,#fae41a
17970,-2.04255383044858,-0.136483680776044,Кривенко Вадим,Фракція Політичної партії НАРОДНИЙ ФРОНТ,НАРОДНИЙ ФРОНТ,#fae41a
17972,21.5346775698144,5.46032168246768,Богомолець Ольга,Фракція ПАРТІЇ БЛОК ПЕТРА ПОРОШЕНКА,БЛОК ПЕТРА ПОРОШЕНКА,#ca4c6e
17974,-13.6926123776898,7.75154079776265,Мамчур Юлій,Фракція ПАРТІЇ БЛОК ПЕТРА ПОРОШЕНКА,БЛОК ПЕТРА ПОРОШЕНКА,#ca4c6e
17976,6.12945068732192,5.59627303758171,Заліщук Світлана,Фракція ПАРТІЇ БЛОК ПЕТРА ПОРОШЕНКА,БЛОК ПЕТРА ПОРОШЕНКА,#ca4c6e
17977,6.85478631340856,5.98708741848711,Лещенко Сергій,Фракція ПАРТІЇ БЛОК ПЕТРА ПОРОШЕНКА,БЛОК ПЕТРА ПОРОШЕНКА,#ca4c6e
17978,6.4340404822243,5.6572255294316,Найєм Мустафа-Масі,Фракція ПАРТІЇ БЛОК ПЕТРА ПОРОШЕНКА,БЛОК ПЕТРА ПОРОШЕНКА,#ca4c6e
17979,-11.9115350190507,4.30482824349133,Черненко Олександр,Фракція ПАРТІЇ БЛОК ПЕТРА ПОРОШЕНКА,БЛОК ПЕТРА ПОРОШЕНКА,#ca4c6e
17980,-10.8361508956731,6.76409636964941,Южаніна Ніна,Фракція ПАРТІЇ БЛОК ПЕТРА ПОРОШЕНКА,БЛОК ПЕТРА ПОРОШЕНКА,#ca4c6e
17981,2.1014485164868,8.21538711069852,Кононенко Ігор,Фракція ПАРТІЇ БЛОК ПЕТРА ПОРОШЕНКА,БЛОК ПЕТРА ПОРОШЕНКА,#ca4c6e
17982,1.2773108716076,4.155224302083,Онуфрик Богдан,Фракція ПАРТІЇ БЛОК ПЕТРА ПОРОШЕНКА,БЛОК ПЕТРА ПОРОШЕНКА,#ca4c6e
17983,0.627328419788049,6.1612263641949,Антонищак Андрій,Фракція ПАРТІЇ БЛОК ПЕТРА ПОРОШЕНКА,БЛОК ПЕТРА ПОРОШЕНКА,#ca4c6e
17984,5.23156939137931,4.33978569170595,Гончаренко Олексій,Фракція ПАРТІЇ БЛОК ПЕТРА ПОРОШЕНКА,БЛОК ПЕТРА ПОРОШЕНКА,#ca4c6e
17985,3.40898910680363,3.7974546621138,Герасимов Артур,Фракція ПАРТІЇ БЛОК ПЕТРА ПОРОШЕНКА,БЛОК ПЕТРА ПОРОШЕНКА,#ca4c6e
17986,-9.90487958534738,10.1745305648439,Денисенко Вадим,Фракція ПАРТІЇ БЛОК ПЕТРА ПОРОШЕНКА,БЛОК ПЕТРА ПОРОШЕНКА,#ca4c6e
17987,-4.38764127657588,3.87697200421658,Тригубенко Сергій,Фракція ПАРТІЇ БЛОК ПЕТРА ПОРОШЕНКА,БЛОК ПЕТРА ПОРОШЕНКА,#ca4c6e
17989,-5.94477174710398,-3.99376729732337,Червакова Ольга,Фракція ПАРТІЇ БЛОК ПЕТРА ПОРОШЕНКА,БЛОК ПЕТРА ПОРОШЕНКА,#ca4c6e
17990,-6.06241980415088,5.59137104265089,Кобцев Михайло,Фракція ПАРТІЇ БЛОК ПЕТРА ПОРОШЕНКА,БЛОК ПЕТРА ПОРОШЕНКА,#ca4c6e
17991,-8.80006216840647,7.61685340091437,Загорій Гліб,Фракція ПАРТІЇ БЛОК ПЕТРА ПОРОШЕНКА,БЛОК ПЕТРА ПОРОШЕНКА,#ca4c6e
17993,2.80260968579821,-9.73702301956272,Алєксєєв Сергій,Фракція ПАРТІЇ БЛОК ПЕТРА ПОРОШЕНКА,БЛОК ПЕТРА ПОРОШЕНКА,#ca4c6e
17994,0.10404254390917,-2.67353318487424,Бакуменко Олександр,Фракція ПАРТІЇ БЛОК ПЕТРА ПОРОШЕНКА,БЛОК ПЕТРА ПОРОШЕНКА,#ca4c6e
17995,1.65967913730657,8.26223172533791,Грановський Олександр,Фракція ПАРТІЇ БЛОК ПЕТРА ПОРОШЕНКА,БЛОК ПЕТРА ПОРОШЕНКА,#ca4c6e
17996,-5.68643984856976,-4.49732468215652,Мушак Олексій,Фракція ПАРТІЇ БЛОК ПЕТРА ПОРОШЕНКА,БЛОК ПЕТРА ПОРОШЕНКА,#ca4c6e
17997,-23.8747231647511,3.33595029603707,Климпуш-Цинцадзе Іванна,Фракція ПАРТІЇ БЛОК ПЕТРА ПОРОШЕНКА,БЛОК ПЕТРА ПОРОШЕНКА,#ca4c6e
17998,4.70704113805852,3.91600655702831,Брензович Василь,Фракція ПАРТІЇ БЛОК ПЕТРА ПОРОШЕНКА,БЛОК ПЕТРА ПОРОШЕНКА,#ca4c6e
17999,-14.2735240191175,8.1040602837413,Кудлаєнко Сергій,Фракція ПАРТІЇ БЛОК ПЕТРА ПОРОШЕНКА,БЛОК ПЕТРА ПОРОШЕНКА,#ca4c6e
18002,-15.2553060597701,-5.33341593347234,Гопко Ганна,Позафракційні,Позафракційні,#aaa
18003,-12.3884849525355,1.11914357212194,Семенченко Семен,Фракція Політичної партії Об'єднання САМОПОМІЧ,САМОПОМІЧ,#7ade24
18004,-13.3970140897072,3.51324182550363,Скрипник Олексій,Фракція Політичної партії Об'єднання САМОПОМІЧ,САМОПОМІЧ,#7ade24
18005,-15.7640295574329,-5.54515028531712,Кривенко Віктор,Позафракційні,Позафракційні,#aaa
18006,-15.6154989165442,-5.9617368262354304,Кишкар Павло,Позафракційні,Позафракційні,#aaa
18007,-16.0501239703202,-0.0725329075619301,Бабак Альона,Фракція Політичної партії Об'єднання САМОПОМІЧ,САМОПОМІЧ,#7ade24
18008,-12.77669517371,0.0259630639821758,Веселова Наталія,Позафракційні,Позафракційні,#aaa
18009,-16.3973112308762,0.240335071146416,Данченко Олександр,Фракція Політичної партії Об'єднання САМОПОМІЧ,САМОПОМІЧ,#7ade24
18010,-13.6874733531712,-2.41177663010893,Сотник Олена,Фракція Політичної партії Об'єднання САМОПОМІЧ,САМОПОМІЧ,#7ade24
18011,-13.3846937551422,1.96652851062295,Лаврик Олег,Фракція Політичної партії Об'єднання САМОПОМІЧ,САМОПОМІЧ,#7ade24
18012,-14.9686317363575,-0.634402959024614,Соболєв Єгор,Фракція Політичної партії Об'єднання САМОПОМІЧ,САМОПОМІЧ,#7ade24
18013,-14.8382083004664,0.417756279682343,Маркевич Ярослав,Фракція Політичної партії Об'єднання САМОПОМІЧ,САМОПОМІЧ,#7ade24
18014,-13.8817021600101,1.10338610935512,Мірошніченко Іван,Фракція Політичної партії Об'єднання САМОПОМІЧ,САМОПОМІЧ,#7ade24
18015,-13.4988905579884,1.17244503935466,Журжій Андрій,Фракція Політичної партії Об'єднання САМОПОМІЧ,САМОПОМІЧ,#7ade24
18016,-14.8376529389695,-5.40415463042203,Єднак Остап,Позафракційні,Позафракційні,#aaa
18017,-13.8713624018269,1.91192781101685,Діденко Ігор,Фракція Політичної партії Об'єднання САМОПОМІЧ,САМОПОМІЧ,#7ade24
18018,-9.92542044539241,-0.2815298175102,Острікова Тетяна,Фракція Політичної партії Об'єднання САМОПОМІЧ,САМОПОМІЧ,#7ade24
18019,-14.2247635327677,-0.35540179517841,Опанасенко Олександр,Фракція Політичної партії Об'єднання САМОПОМІЧ,САМОПОМІЧ,#7ade24
18020,-13.3006070879735,0.354268046720274,Сидорович Руслан,Фракція Політичної партії Об'єднання САМОПОМІЧ,САМОПОМІЧ,#7ade24
18021,-13.5673652354428,-1.76105182208942,Войціцька Вікторія,Фракція Політичної партії Об'єднання САМОПОМІЧ,САМОПОМІЧ,#7ade24
18022,-15.6246032191146,-4.98038395992238,Пташник Вікторія,Позафракційні,Позафракційні,#aaa
18024,-13.6848422430099,-1.16638305763216,Сисоєнко Ірина,Фракція Політичної партії Об'єднання САМОПОМІЧ,САМОПОМІЧ,#7ade24
18025,-13.5789782223193,-0.399490121866609,Підлісецький Лев,Фракція Політичної партії Об'єднання САМОПОМІЧ,САМОПОМІЧ,#7ade24
18026,-14.1007238496348,-0.799915755697856,Семенуха Роман,Фракція Політичної партії Об'єднання САМОПОМІЧ,САМОПОМІЧ,#7ade24
18027,-15.2093545668319,-1.23228279889353,Березюк Олег,Фракція Політичної партії Об'єднання САМОПОМІЧ,САМОПОМІЧ,#7ade24
18028,1.38563285468749,-10.002586513528,Костенко Павло,Фракція Політичної партії Об'єднання САМОПОМІЧ,САМОПОМІЧ,#7ade24
18029,-14.0895584097864,-0.26052398681174,Романова Анна,Фракція Політичної партії Об'єднання САМОПОМІЧ,САМОПОМІЧ,#7ade24
18031,-14.786142501052,1.1324081122077,Кіраль Сергій,Фракція Політичної партії Об'єднання САМОПОМІЧ,САМОПОМІЧ,#7ade24
18032,22.074173274376,-0.615637645052042,Рабінович Вадим,Фракція Політичної партії Опозиційний блок,ОПОЗИЦІЙНИЙ БЛОК,#e88efd
18033,22.7295049625592,6.21269280263633,Скорик Микола,Фракція Політичної партії Опозиційний блок,ОПОЗИЦІЙНИЙ БЛОК,#e88efd
18034,20.6964793056795,20.1227475247797,Козак Тарас,Фракція Політичної партії Опозиційний блок,ОПОЗИЦІЙНИЙ БЛОК,#e88efd
18036,19.5646670520945,18.7554713501047,Гусак Володимир,Фракція Політичної партії Опозиційний блок,ОПОЗИЦІЙНИЙ БЛОК,#e88efd
18037,20.6600132719111,20.0700984838303,Німченко Василь,Фракція Політичної партії Опозиційний блок,ОПОЗИЦІЙНИЙ БЛОК,#e88efd
18039,-2.2271730870117,-11.7912675902246,Мельничук Сергій,Група Воля народу,Група ВОЛЯ НАРОДУ,#4fe6fc
18041,-0.805854430238074,2.46259320357862,Шухевич Юрій-Богдан,Фракція Радикальної партії Олега Ляшка,Радикальна партія ОЛЕГА ЛЯШКА,#f14633
18042,-15.239274820299,12.3918271305374,Попов Ігор,Фракція Радикальної партії Олега Ляшка,Радикальна партія ОЛЕГА ЛЯШКА,#f14633
18043,2.10417689633728,-5.33227992411292,Вітко Артем,Фракція Радикальної партії Олега Ляшка,Радикальна партія ОЛЕГА ЛЯШКА,#f14633
18045,-12.8845133925721,4.77862427988834,Мосійчук Ігор,Фракція Радикальної партії Олега Ляшка,Радикальна партія ОЛЕГА ЛЯШКА,#f14633
18046,-15.3635595293217,14.707288485117,Галасюк Віктор,Фракція Радикальної партії Олега Ляшка,Радикальна партія ОЛЕГА ЛЯШКА,#f14633
18047,-15.5229872778093,13.8125624491631,Силантьєв Денис,Фракція Радикальної партії Олега Ляшка,Радикальна партія ОЛЕГА ЛЯШКА,#f14633
18048,-15.8641784557993,13.9290891626391,Кошелєва Альона,Фракція Радикальної партії Олега Ляшка,Радикальна партія ОЛЕГА ЛЯШКА,#f14633
18049,20.9416198228973,-2.84057545199454,Артеменко Андрій,Позафракційні,Позафракційні,#aaa
18050,-15.8198742645425,14.7146861425862,Купрієнко Олег,Фракція Радикальної партії Олега Ляшка,Радикальна партія ОЛЕГА ЛЯШКА,#f14633
18051,-14.9658688172913,14.9437413484854,Скуратовський Сергій,Фракція Радикальної партії Олега Ляшка,Радикальна партія ОЛЕГА ЛЯШКА,#f14633
18052,-14.6868007904695,15.174460020158,Лінько Дмитро,Фракція Радикальної партії Олега Ляшка,Радикальна партія ОЛЕГА ЛЯШКА,#f14633
18053,-15.6263618378685,15.1309966638424,Рибалка Сергій,Фракція Радикальної партії Олега Ляшка,Радикальна партія ОЛЕГА ЛЯШКА,#f14633
18054,-3.40524520343372,-5.06297830460709,Луценко Ігор,Фракція політичної партії ВО Батьківщина,БАТЬКІВЩИНА,#e28671
18055,-16.2926611748963,-11.4120104359508,Івченко Вадим,Фракція політичної партії ВО Батьківщина,БАТЬКІВЩИНА,#e28671
18056,-15.689154157367,-9.06012627782848,Рябчин Олексій,Фракція політичної партії ВО Батьківщина,БАТЬКІВЩИНА,#e28671
18058,-0.38043415158763,4.54634019877325,Арешонков Володимир,Фракція ПАРТІЇ БЛОК ПЕТРА ПОРОШЕНКА,БЛОК ПЕТРА ПОРОШЕНКА,#ca4c6e
18059,-6.70130649281025,-2.32156669311791,Артюшенко Ігор,Фракція ПАРТІЇ БЛОК ПЕТРА ПОРОШЕНКА,БЛОК ПЕТРА ПОРОШЕНКА,#ca4c6e
18060,22.8730742307787,0.951463940198547,Бакулін Євген,Фракція Політичної партії Опозиційний блок,ОПОЗИЦІЙНИЙ БЛОК,#e88efd
18061,9.94667929574077,1.4899399205195,Балога Іван,Позафракційні,Позафракційні,#aaa
18062,-4.90987980083141,4.59621612127517,Барна Олег,Позафракційні,Позафракційні,#aaa
18063,15.5888339142416,-0.36622161881509,Батенко Тарас,Позафракційні,Позафракційні,#aaa
18064,-11.9183786614325,5.25795445429928,Береза Борислав,Позафракційні,Позафракційні,#aaa
18065,-0.813779487936934,-12.3193565721099,Білецький Андрій,Позафракційні,Позафракційні,#aaa
18066,-3.38502239258299,6.30256063504866,Бондар Михайло,Фракція Політичної партії НАРОДНИЙ ФРОНТ,НАРОДНИЙ ФРОНТ,#fae41a
18067,12.5103053854212,-18.0982490751045,Вадатурський Андрій,Фракція ПАРТІЇ БЛОК ПЕТРА ПОРОШЕНКА,БЛОК ПЕТРА ПОРОШЕНКА,#ca4c6e
18068,-9.05587941439928,-12.2738179978048,Валентиров Сергій,Фракція ПАРТІЇ БЛОК ПЕТРА ПОРОШЕНКА,БЛОК ПЕТРА ПОРОШЕНКА,#ca4c6e
18069,-1.51462590823585,-0.975086827433723,Вінник Іван,Фракція ПАРТІЇ БЛОК ПЕТРА ПОРОШЕНКА,БЛОК ПЕТРА ПОРОШЕНКА,#ca4c6e
18070,-6.57757702253774,4.38317044276089,Гаврилюк Михайло,Фракція Політичної партії НАРОДНИЙ ФРОНТ,НАРОДНИЙ ФРОНТ,#fae41a
18071,19.6053260430259,19.2611841270548,Гальченко Андрій,Фракція Політичної партії Опозиційний блок,ОПОЗИЦІЙНИЙ БЛОК,#e88efd
18072,-20.7312931400403,2.4443045497341,Гарбуз Юрій,Фракція ПАРТІЇ БЛОК ПЕТРА ПОРОШЕНКА,БЛОК ПЕТРА ПОРОШЕНКА,#ca4c6e
18074,-22.3882547204487,4.08623027205835,Голубов Дмитро,Фракція ПАРТІЇ БЛОК ПЕТРА ПОРОШЕНКА,БЛОК ПЕТРА ПОРОШЕНКА,#ca4c6e
18075,-9.49206579323075,9.42095430219871,Горват Роберт,Фракція ПАРТІЇ БЛОК ПЕТРА ПОРОШЕНКА,БЛОК ПЕТРА ПОРОШЕНКА,#ca4c6e
18077,18.939270972054,-2.19482955362513,Гудзенко Віталій,Фракція ПАРТІЇ БЛОК ПЕТРА ПОРОШЕНКА,БЛОК ПЕТРА ПОРОШЕНКА,#ca4c6e
18078,15.5463164755275,-16.7116775876363,Гуляєв Василь,Група Відродження,Група ВІДРОДЖЕННЯ,#118fe9
18079,17.4987855634618,-2.26292367676194,Давиденко Валерій,Позафракційні,Позафракційні,#aaa
18080,-7.19733737847294,-2.49016046992625,Демчак Руслан,Фракція ПАРТІЇ БЛОК ПЕТРА ПОРОШЕНКА,БЛОК ПЕТРА ПОРОШЕНКА,#ca4c6e
18081,-1.15547567631172,-12.2055339541892,Денисенко Андрій,Позафракційні,Позафракційні,#aaa
18082,-2.16468276842824,-0.468239973568956,Дзюблик Павло,Фракція Політичної партії НАРОДНИЙ ФРОНТ,НАРОДНИЙ ФРОНТ,#fae41a
18083,15.0138670120941,-0.164304702671827,Дідич Валентин,Позафракційні,Позафракційні,#aaa
18084,0.63361736902231,7.28096696693958,Дмитренко Олег,Фракція ПАРТІЇ БЛОК ПЕТРА ПОРОШЕНКА,БЛОК ПЕТРА ПОРОШЕНКА,#ca4c6e
18085,-0.506930846866758,-6.2862305134273,Добродомов Дмитро,Позафракційні,Позафракційні,#aaa
18086,-9.49163242398192,-14.2949756970113,Довгий Олесь,Група Воля народу,Група ВОЛЯ НАРОДУ,#4fe6fc
18087,15.0705199725808,-0.234376778598272,Дубінін Олександр,Позафракційні,Позафракційні,#aaa
18088,6.45135251883258,-9.51125955031169,Дубневич Богдан,Фракція ПАРТІЇ БЛОК ПЕТРА ПОРОШЕНКА,БЛОК ПЕТРА ПОРОШЕНКА,#ca4c6e
18089,-9.98827410135761,8.86228847582695,Євлахов Анатолій,Фракція ПАРТІЇ БЛОК ПЕТРА ПОРОШЕНКА,БЛОК ПЕТРА ПОРОШЕНКА,#ca4c6e
18090,-17.3369169375797,0.311603081174801,Єфімов Максим,Фракція ПАРТІЇ БЛОК ПЕТРА ПОРОШЕНКА,БЛОК ПЕТРА ПОРОШЕНКА,#ca4c6e
18091,-9.9252707219302,4.36760548252853,Жолобецький Олександр,Фракція ПАРТІЇ БЛОК ПЕТРА ПОРОШЕНКА,БЛОК ПЕТРА ПОРОШЕНКА,#ca4c6e
18092,-10.0704541390264,2.65252813603628,Іщейкін Костянтин,Фракція ПАРТІЇ БЛОК ПЕТРА ПОРОШЕНКА,БЛОК ПЕТРА ПОРОШЕНКА,#ca4c6e
18093,-4.44514596436802,-4.52217527861916,Кірш Олександр,Фракція Політичної партії НАРОДНИЙ ФРОНТ,НАРОДНИЙ ФРОНТ,#fae41a
18094,6.53048070902732,-9.43240090788002,Кіт Андрій,Фракція ПАРТІЇ БЛОК ПЕТРА ПОРОШЕНКА,БЛОК ПЕТРА ПОРОШЕНКА,#ca4c6e
18095,-9.23105113448429,7.38809225456521,Козир Борис,Фракція ПАРТІЇ БЛОК ПЕТРА ПОРОШЕНКА,БЛОК ПЕТРА ПОРОШЕНКА,#ca4c6e
18096,-6.34015174112173,-9.5479766981604,Константіновський Вячеслав,Позафракційні,Позафракційні,#aaa
18097,-20.039165461932,2.32609445671736,Корнацький Аркадій,Фракція ПАРТІЇ БЛОК ПЕТРА ПОРОШЕНКА,БЛОК ПЕТРА ПОРОШЕНКА,#ca4c6e
18107,-20.0026324447009,3.09847700890071,Кривохатько Вадим,Позафракційні,Позафракційні,#aaa
18108,-16.9505869767232,-5.16462501623335,Кришин Олег,Фракція Політичної партії НАРОДНИЙ ФРОНТ,НАРОДНИЙ ФРОНТ,#fae41a
18109,-4.02008488820305,-0.0114147633794718,Кузьменко Анатолій,Фракція ПАРТІЇ БЛОК ПЕТРА ПОРОШЕНКА,БЛОК ПЕТРА ПОРОШЕНКА,#ca4c6e
18110,-6.02109651542895,1.43864885378035,Куліченко Іван,Фракція ПАРТІЇ БЛОК ПЕТРА ПОРОШЕНКА,БЛОК ПЕТРА ПОРОШЕНКА,#ca4c6e
18111,15.1287022231764,-0.351878861622718,Купрій Віталій,Позафракційні,Позафракційні,#aaa
18112,0.45533733869652,-2.5314116107156,Кучер Микола,Фракція ПАРТІЇ БЛОК ПЕТРА ПОРОШЕНКА,БЛОК ПЕТРА ПОРОШЕНКА,#ca4c6e
18113,-10.6974042852639,10.0822731628577,Лаврик Микола,Фракція ПАРТІЇ БЛОК ПЕТРА ПОРОШЕНКА,БЛОК ПЕТРА ПОРОШЕНКА,#ca4c6e
18114,-1.39693833868234,8.40789053018875,Лапін Ігор,Фракція Політичної партії НАРОДНИЙ ФРОНТ,НАРОДНИЙ ФРОНТ,#fae41a
18115,3.88139520105662,-9.61883936966058,Лівік Олександр,Фракція ПАРТІЇ БЛОК ПЕТРА ПОРОШЕНКА,БЛОК ПЕТРА ПОРОШЕНКА,#ca4c6e
18116,3.1425420471496,2.7659592701994,Лубінець Дмитро,Фракція ПАРТІЇ БЛОК ПЕТРА ПОРОШЕНКА,БЛОК ПЕТРА ПОРОШЕНКА,#ca4c6e
18117,6.08973078897171,-8.93566675727096,Люшняк Микола,Фракція ПАРТІЇ БЛОК ПЕТРА ПОРОШЕНКА,БЛОК ПЕТРА ПОРОШЕНКА,#ca4c6e
18118,23.348938147598,-30.8109693697909,Марченко Олександр,Позафракційні,Позафракційні,#aaa
18119,-0.0399790366825793,-6.32921114115775,Матківський Богдан,Позафракційні,Позафракційні,#aaa
18120,1.73341306433762,4.78741631578507,Мацола Роман,Фракція ПАРТІЇ БЛОК ПЕТРА ПОРОШЕНКА,БЛОК ПЕТРА ПОРОШЕНКА,#ca4c6e
18121,-7.62554055874921,9.25977973101068,Мельничук Іван,Фракція ПАРТІЇ БЛОК ПЕТРА ПОРОШЕНКА,БЛОК ПЕТРА ПОРОШЕНКА,#ca4c6e
18122,-8.14860578381709,7.4633442928426,Недава Олег,Фракція ПАРТІЇ БЛОК ПЕТРА ПОРОШЕНКА,БЛОК ПЕТРА ПОРОШЕНКА,#ca4c6e
18123,-7.1749748029364,-15.7487775633439,Нестеренко Вадим,Фракція ПАРТІЇ БЛОК ПЕТРА ПОРОШЕНКА,БЛОК ПЕТРА ПОРОШЕНКА,#ca4c6e
18124,-2.62590727189596,-4.97667791838673,Парасюк Володимир,Позафракційні,Позафракційні,#aaa
18126,-4.37245973961509,5.78082059892526,Петренко Олег,Позафракційні,Позафракційні,#aaa
18127,-13.8331018459106,-1.42253919285787,Подоляк Ірина,Фракція Політичної партії Об'єднання САМОПОМІЧ,САМОПОМІЧ,#7ade24
18128,-7.43493015213098,9.42974500611025,Порошенко Олексій,Фракція ПАРТІЇ БЛОК ПЕТРА ПОРОШЕНКА,БЛОК ПЕТРА ПОРОШЕНКА,#ca4c6e
18129,-5.44447052335965,-0.276433159166859,Река Андрій,Фракція Політичної партії НАРОДНИЙ ФРОНТ,НАРОДНИЙ ФРОНТ,#fae41a
18130,-11.0032552440257,-12.7016676023521,Рибчинський Євген,Група Воля народу,Група ВОЛЯ НАРОДУ,#4fe6fc
18131,-14.5661287284882,6.46604258316093,Розенблат Борислав,Позафракційні,Позафракційні,#aaa
18132,-1.84145375137899,12.1922203313349,Романюк Віктор,Фракція Політичної партії НАРОДНИЙ ФРОНТ,НАРОДНИЙ ФРОНТ,#fae41a
18133,20.1851242165191,21.1124337097548,Сажко Сергій,Фракція Політичної партії Опозиційний блок,ОПОЗИЦІЙНИЙ БЛОК,#e88efd
18134,-12.4677984226573,-6.79564196673928,Соловей Юрій,Фракція ПАРТІЇ БЛОК ПЕТРА ПОРОШЕНКА,БЛОК ПЕТРА ПОРОШЕНКА,#ca4c6e
18135,19.219916101511,10.3157390990451,Солод Юрій,Фракція Політичної партії Опозиційний блок,ОПОЗИЦІЙНИЙ БЛОК,#e88efd
18136,0.524124844254852,5.81291577396723,Співаковський Олександр,Фракція ПАРТІЇ БЛОК ПЕТРА ПОРОШЕНКА,БЛОК ПЕТРА ПОРОШЕНКА,#ca4c6e
18137,-0.423012111041361,5.38833720733861,Спориш Іван,Фракція ПАРТІЇ БЛОК ПЕТРА ПОРОШЕНКА,БЛОК ПЕТРА ПОРОШЕНКА,#ca4c6e
18138,1.71798552277825,1.59779139743528,Сташук Віталій,Фракція Політичної партії НАРОДНИЙ ФРОНТ,НАРОДНИЙ ФРОНТ,#fae41a
18139,-4.70256849060423,8.32970204783962,Сугоняко Олександр,Фракція ПАРТІЇ БЛОК ПЕТРА ПОРОШЕНКА,БЛОК ПЕТРА ПОРОШЕНКА,#ca4c6e
18140,17.2594666546621,8.01268501420965,Тарута Сергій,Позафракційні,Позафракційні,#aaa
18141,-7.81128777359085,5.30786829386543,Тимошенко Юрій,Позафракційні,Позафракційні,#aaa
18142,5.06493470362278,-8.12909365395488,Тіміш Григорій,Фракція ПАРТІЇ БЛОК ПЕТРА ПОРОШЕНКА,БЛОК ПЕТРА ПОРОШЕНКА,#ca4c6e
18143,-9.37638413402829,6.2722307597996,Урбанський Олександр,Фракція ПАРТІЇ БЛОК ПЕТРА ПОРОШЕНКА,БЛОК ПЕТРА ПОРОШЕНКА,#ca4c6e
18144,-2.04892753441563,9.57035761378402,Усов Костянтин,Фракція ПАРТІЇ БЛОК ПЕТРА ПОРОШЕНКА,БЛОК ПЕТРА ПОРОШЕНКА,#ca4c6e
18146,-17.968960777582,0.468737582397377,Фролов Микола,Фракція ПАРТІЇ БЛОК ПЕТРА ПОРОШЕНКА,БЛОК ПЕТРА ПОРОШЕНКА,#ca4c6e
18147,-10.3898985605096,4.07108741982383,Хлань Сергій,Фракція ПАРТІЇ БЛОК ПЕТРА ПОРОШЕНКА,БЛОК ПЕТРА ПОРОШЕНКА,#ca4c6e
18148,-1.46610900080395,9.82784164127755,Юрик Тарас,Фракція ПАРТІЇ БЛОК ПЕТРА ПОРОШЕНКА,БЛОК ПЕТРА ПОРОШЕНКА,#ca4c6e
18149,-9.13678073119256,-9.43221601767264,Юринець Оксана,Фракція ПАРТІЇ БЛОК ПЕТРА ПОРОШЕНКА,БЛОК ПЕТРА ПОРОШЕНКА,#ca4c6e
18150,0.890228692816009,-2.31614731956771,Юрчишин Петро,Фракція ПАРТІЇ БЛОК ПЕТРА ПОРОШЕНКА,БЛОК ПЕТРА ПОРОШЕНКА,#ca4c6e
18151,-1.37946550737019,7.82582142131413,Яніцький Василь,Фракція ПАРТІЇ БЛОК ПЕТРА ПОРОШЕНКА,БЛОК ПЕТРА ПОРОШЕНКА,#ca4c6e
18152,-10.7850609653797,2.26368247282146,Яриніч Костянтин,Фракція ПАРТІЇ БЛОК ПЕТРА ПОРОШЕНКА,БЛОК ПЕТРА ПОРОШЕНКА,#ca4c6e
18153,21.9263535803932,-2.35107968927428,Ярош Дмитро,Позафракційні,Позафракційні,#aaa
18161,-2.13756742452625,7.50850749224531,Мельник Сергій,Фракція ПАРТІЇ БЛОК ПЕТРА ПОРОШЕНКА,БЛОК ПЕТРА ПОРОШЕНКА,#ca4c6e
18163,-7.60365213425413,-1.73162214869584,Македон Юрій,Фракція ПАРТІЇ БЛОК ПЕТРА ПОРОШЕНКА,БЛОК ПЕТРА ПОРОШЕНКА,#ca4c6e
18164,-8.14412818786928,2.10177576502463,Помазанов Андрій,Фракція Політичної партії НАРОДНИЙ ФРОНТ,НАРОДНИЙ ФРОНТ,#fae41a
18165,-0.367526420874373,2.63741751043571,Корчинська Оксана,Фракція Радикальної партії Олега Ляшка,Радикальна партія ОЛЕГА ЛЯШКА,#f14633
18167,-4.68882742438944,1.8194180297721,Корчик Віталій,Фракція Політичної партії НАРОДНИЙ ФРОНТ,НАРОДНИЙ ФРОНТ,#fae41a
18218,-15.0361210583562,11.7032382742859,Чижмарь Юрій,Фракція Радикальної партії Олега Ляшка,Радикальна партія ОЛЕГА ЛЯШКА,#f14633
18220,-4.83073855550097,3.00693435163592,Стеценко Дмитро,Фракція Політичної партії НАРОДНИЙ ФРОНТ,НАРОДНИЙ ФРОНТ,#fae41a
18221,-5.51431400740257,0.387469644720122,Драюк Сергій,Фракція Політичної партії НАРОДНИЙ ФРОНТ,НАРОДНИЙ ФРОНТ,#fae41a
18222,-6.70377075405189,-0.425903420528676,Дроздик Олександр,Фракція Політичної партії НАРОДНИЙ ФРОНТ,НАРОДНИЙ ФРОНТ,#fae41a
18245,-12.6691747768953,4.41032885443974,Романовський Олександр,Фракція Політичної партії НАРОДНИЙ ФРОНТ,НАРОДНИЙ ФРОНТ,#fae41a
18414,-0.531726871006196,4.06069797111786,Ревега Олександр,Позафракційні,Позафракційні,#aaa
18604,-5.2414497222714,-0.452662339485458,Бабій Юрій,Позафракційні,Позафракційні,#aaa
18605,-1.85553940738952,3.23113522403236,Лесюк Ярослав,Позафракційні,Позафракційні,#aaa
19058,-8.12074561104954,-2.72461979862671,Немировський Андрій,Група Воля народу,Група ВОЛЯ НАРОДУ,#4fe6fc
19126,-14.9202236391566,-0.0249974975583214,Зубач Любомир,Фракція Політичної партії Об'єднання САМОПОМІЧ,САМОПОМІЧ,#7ade24
19404,1.6206511282527,9.39507857562063,Шверк Григорій,Фракція ПАРТІЇ БЛОК ПЕТРА ПОРОШЕНКА,БЛОК ПЕТРА ПОРОШЕНКА,#ca4c6e
19405,2.00248174575434,9.21710854377822,Севрюков Владислав,Фракція ПАРТІЇ БЛОК ПЕТРА ПОРОШЕНКА,БЛОК ПЕТРА ПОРОШЕНКА,#ca4c6e
19550,6.39541211345378,-1.77346266635094,Бендюженко Федір,Фракція Політичної партії НАРОДНИЙ ФРОНТ,НАРОДНИЙ ФРОНТ,#fae41a
19622,6.08899086643359,-3.65005986655576,Підберезняк Вадим,Позафракційні,Позафракційні,#aaa
19623,1.91766447064856,9.88584473502399,Юзькова Тетяна,Позафракційні,Позафракційні,#aaa
19740,6.66332432613627,-4.574008022484,Мепарішвілі Хвича,Фракція Політичної партії НАРОДНИЙ ФРОНТ,НАРОДНИЙ ФРОНТ,#fae41a
19857,6.25610680578185,-5.99435126990307,Велікін Олег,Позафракційні,Позафракційні,#aaa
19858,6.98947196849406,-3.72069026340885,Саврасов Максим,Позафракційні,Позафракційні,#aaa
19859,6.38880151308582,-4.17091171054037,Єдаков Ярослав,Фракція Політичної партії НАРОДНИЙ ФРОНТ,НАРОДНИЙ ФРОНТ,#fae41a
20103,17.0203747072742,-0.648178544785346,Констанкевич Ірина,Позафракційні,Позафракційні,#aaa
20104,16.0590900839741,-0.855775405161596,Шевченко Віктор,Позафракційні,Позафракційні,#aaa
20105,7.92483678761219,-2.65821661618763,Ричкова Тетяна,Позафракційні,Позафракційні,#aaa
20106,16.5917212813836,-1.56114272526202,Шахов Сергій,Група Воля народу,Група ВОЛЯ НАРОДУ,#4fe6fc
20107,20.8824380298138,-1.22408662348308,Микитась Максим,Група Воля народу,Група ВОЛЯ НАРОДУ,#4fe6fc
20121,7.29357131370029,-2.39830880474432,Данілін Владислав,Фракція Політичної партії НАРОДНИЙ ФРОНТ,НАРОДНИЙ ФРОНТ,#fae41a
20287,6.92697248016785,-2.02144942446831,Буглак Юрій,Фракція ПАРТІЇ БЛОК ПЕТРА ПОРОШЕНКА,БЛОК ПЕТРА ПОРОШЕНКА,#ca4c6e
20536,-7.06447933354616,16.8770816808703,Заружко Валерія,Фракція Радикальної партії Олега Ляшка,Радикальна партія ОЛЕГА ЛЯШКА,#f14633
20777,-6.36041049613663,17.0779124619925,Савка Іван,Фракція Політичної партії НАРОДНИЙ ФРОНТ,НАРОДНИЙ ФРОНТ,#fae41a
ІДЕАЛ, -2.8,5.3,NA,NA,NA,NA
БПП,-8.75727908270843,9.30067379009802,NA,Фракція ПАРТІЇ БЛОК ПЕТРА ПОРОШЕНКА,БЛОК ПЕТРА ПОРОШЕНКА,#ca4c6e
Позафракційні,21.2138227551085,-0.214125743046302,NA,Позафракційні,Позафракційні,#aaa
Народний фронт,-4.40787444583825,-1.44622744515432,NA,Фракція Політичної партії НАРОДНИЙ ФРОНТ,НАРОДНИЙ ФРОНТ,#fae41a
Воля Народу,-9.08252822684698,-15.710271638143,NA,Група Воля народу,Група ВОЛЯ НАРОДУ,#4fe6fc
РП Олега Ляшка,-16.7612750695566,14.4550713801184,NA,Фракція Радикальної партії Олега Ляшка,Радикальна партія ОЛЕГА ЛЯШКА,#f14633
Самопоміч,-12.328914575663,0.261372866552458,NA,Фракція Політичної партії Об'єднання САМОПОМІЧ,САМОПОМІЧ,#7ade24
Опоблок,19.9393612045359,15.6934712859449,NA,Фракція Політичної партії Опозиційний блок,ОПОЗИЦІЙНИЙ БЛОК,#e88efd
Батьківщина,-17.0744734128664,-9.14972696457424,NA,Фракція політичної партії ВО Батьківщина,БАТЬКІВЩИНА,#e28671
Економрозвиток,24.9436964765202,-2.79403635091335,NA,Група Економічний розвиток,Група Економічний розвиток,#008000
Відродження,14.0855730705041,-15.6798459970644,NA,Група Відродження,Група ВІДРОДЖЕННЯ,#118fe9
Позафр.-Свобода,22.6265064910899,-23.1001303282336,NA,Позафракційні,Позафракційні,#aaa
